Workbook

Sheet Dashboard
B1: Exportaciones de minerales de oro (partida 2616901000) – 2025 a oct-2026
B3: FOB total (MM USD) | D3: Peso neto (miles TM) | F3: Declaraciones | H3: Precio medio (USD/TM) | J3: FOB 2026 vs 2025 (parcial)
B4: =SUM(Datos!$L$2:$L$364)/1000000 -> 4607.9341 | D4: =SUM(Datos!$K$2:$K$364)/1000 -> 1309.091 | F4: =COUNTIFS(Datos!$B$2:$B$364,1) -> 360 | H4: =SUM(Datos!$L$2:$L$364)/SUM(Datos!$K$2:$K$364) -> 3519.9495 | J4: =Calculos!Q3/Calculos!Q2-1 -> 0.018121247

Sheet Calculos
A1: Año-Mes | B1: FOB (MM USD) | C1: Peso neto (miles TM) | D1: Precio (USD/TM) | F1: Departamento | G1: FOB (MM USD) | H1: % del total | J1: Tipo de producto | K1: FOB (MM USD) | M1: RUC usuario | N1: FOB (MM USD) | P1: Año | Q1: FOB (MM USD) | R1: Peso neto (miles TM) | S1: Declaraciones
A2: 2025-01 | B2: =SUMIFS(Datos!$L$2:$L$364,Datos!$E$2:$E$364,A2)/1000000 -> 191.26097 | C2: =SUMIFS(Datos!$K$2:$K$364,Datos!$E$2:$E$364,A2)/1000 -> 71.183776 | D2: =IFERROR(B2*1000/C2,0) -> 2686.8618 | F2: Pasco | G2: =SUMIFS(Datos!$L$2:$L$364,Datos!$H$2:$H$364,F2)/1000000 -> 2389.2473 | H2: =G2/(SUM(Datos!$L$2:$L$364)/1000000) -> 0.51850726 | J2: Mineral de oro | K2: =SUMIFS(Datos!$L$2:$L$364,Datos!$I$2:$I$364,J2)/1000000 -> 38.2216 | M2: 20504041027 | N2: =SUMIFS(Datos!$L$2:$L$364,Datos!$J$2:$J$364,M2)/1000000 -> 2937.8482 | P2: 2025 | Q2: =SUMIFS(Datos!$L$2:$L$364,Datos!$D$2:$D$364,P2)/1000000 -> 2283.2791 | R2: =SUMIFS(Datos!$K$2:$K$364,Datos!$D$2:$D$364,P2)/1000 -> 716.53266 | S2: =COUNTIFS(Datos!$D$2:$D$364,P2,Datos!$B$2:$B$364,1) -> 213
A3: 2025-02 | B3: =SUMIFS(Datos!$L$2:$L$364,Datos!$E$2:$E$364,A3)/1000000 -> 189.93474 | C3: =SUMIFS(Datos!$K$2:$K$364,Datos!$E$2:$E$364,A3)/1000 -> 65.069912 | D3: =IFERROR(B3*1000/C3,0) -> 2918.9333 | F3: Junín | G3: =SUMIFS(Datos!$L$2:$L$364,Datos!$H$2:$H$364,F3)/1000000 -> 1466.8788 | H3: =G3/(SUM(Datos!$L$2:$L$364)/1000000) -> 0.31833763 | J3: Concentrado de oro | K3: =SUMIFS(Datos!$L$2:$L$364,Datos!$I$2:$I$364,J3)/1000000 -> 4569.7125 | M3: 20100255325 | N3: =SUMIFS(Datos!$L$2:$L$364,Datos!$J$2:$J$364,M3)/1000000 -> 683.0833 | P3: 2026 | Q3: =SUMIFS(Datos!$L$2:$L$364,Datos!$D$2:$D$364,P3)/1000000 -> 2324.655 | R3: =SUMIFS(Datos!$K$2:$K$364,Datos!$D$2:$D$364,P3)/1000 -> 592.55829 | S3: =COUNTIFS(Datos!$D$2:$D$364,P3,Datos!$B$2:$B$364,1) -> 147
A4: 2025-03 | B4: =SUMIFS(Datos!$L$2:$L$364,Datos!$E$2:$E$364,A4)/1000000 -> 164.38648 | C4: =SUMIFS(Datos!$K$2:$K$364,Datos!$E$2:$E$364,A4)/1000 -> 61.681461 | D4: =IFERROR(B4*1000/C4,0) -> 2665.0873 | F4: Ica | G4: =SUMIFS(Datos!$L$2:$L$364,Datos!$H$2:$H$364,F4)/1000000 -> 220.33107 | H4: =G4/(SUM(Datos!$L$2:$L$364)/1000000) -> 0.047815586 | M4: 20100407362 | N4: =SUMIFS(Datos!$L$2:$L$364,Datos!$J$2:$J$364,M4)/1000000 -> 495.81785
A5: 2025-04 | B5: =SUMIFS(Datos!$L$2:$L$364,Datos!$E$2:$E$364,A5)/1000000 -> 76.911784 | C5: =SUMIFS(Datos!$K$2:$K$364,Datos!$E$2:$E$364,A5)/1000 -> 30.556433 | D5: =IFERROR(B5*1000/C5,0) -> 2517.0406 | F5: Ayacucho | G5: =SUMIFS(Datos!$L$2:$L$364,Datos!$H$2:$H$364,F5)/1000000 -> 202.8691 | H5: =G5/(SUM(Datos!$L$2:$L$364)/1000000) -> 0.044026042 | M5: 20101368221 | N5: =SUMIFS(Datos!$L$2:$L$364,Datos!$J$2:$J$364,M5)/1000000 -> 439.62845 | P5: Nota: 2026 llega hasta el 12-oct. Datos! es la fuente; todo se calcula con fórmulas.
A6: 2025-05 | B6: =SUMIFS(Datos!$L$2:$L$364,Datos!$E$2:$E$364,A6)/1000000 -> 187.76666 | C6: =SUMIFS(Datos!$K$2:$K$364,Datos!$E$2:$E$364,A6)/1000 -> 62.595864 | D6: =IFERROR(B6*1000/C6,0) -> 2999.6655 | F6: Lima | G6: =SUMIFS(Datos!$L$2:$L$364,Datos!$H$2:$H$364,F6)/1000000 -> 132.81959 | H6: =G6/(SUM(Datos!$L$2:$L$364)/1000000) -> 0.028824108 | M6: 20252062077 | N6: =SUMIFS(Datos!$L$2:$L$364,Datos!$J$2:$J$364,M6)/1000000 -> 27.620331
A7: 2025-06 | B7: =SUMIFS(Datos!$L$2:$L$364,Datos!$E$2:$E$364,A7)/1000000 -> 175.34694 | C7: =SUMIFS(Datos!$K$2:$K$364,Datos!$E$2:$E$364,A7)/1000 -> 59.79645 | D7: =IFERROR(B7*1000/C7,0) -> 2932.3972 | F7: Arequipa | G7: =SUMIFS(Datos!$L$2:$L$364,Datos!$H$2:$H$364,F7)/1000000 -> 51.753339 | H7: =G7/(SUM(Datos!$L$2:$L$364)/1000000) -> 0.011231354 | M7: Sin RUC | N7: =SUMIFS(Datos!$L$2:$L$364,Datos!$J$2:$J$364,M7)/1000000 -> 15.234833
A8: 2025-07 | B8: =SUMIFS(Datos!$L$2:$L$364,Datos!$E$2:$E$364,A8)/1000000 -> 150.84485 | C8: =SUMIFS(Datos!$K$2:$K$364,Datos!$E$2:$E$364,A8)/1000 -> 50.378809 | D8: =IFERROR(B8*1000/C8,0) -> 2994.2124 | F8: Áncash | G8: =SUMIFS(Datos!$L$2:$L$364,Datos!$H$2:$H$364,F8)/1000000 -> 44.250369 | H8: =G8/(SUM(Datos!$L$2:$L$364)/1000000) -> 0.009603082 | M8: 20615918670 | N8: =SUMIFS(Datos!$L$2:$L$364,Datos!$J$2:$J$364,M8)/1000000 -> 2.5699709
A9: 2025-08 | B9: =SUMIFS(Datos!$L$2:$L$364,Datos!$E$2:$E$364,A9)/1000000 -> 156.04563 | C9: =SUMIFS(Datos!$K$2:$K$364,Datos!$E$2:$E$364,A9)/1000 -> 52.767114 | D9: =IFERROR(B9*1000/C9,0) -> 2957.2516 | F9: La Libertad | G9: =SUMIFS(Datos!$L$2:$L$364,Datos!$H$2:$H$364,F9)/1000000 -> 39.006175 | H9: =G9/(SUM(Datos!$L$2:$L$364)/1000000) -> 0.0084650029 | M9: 20127705969 | N9: =SUMIFS(Datos!$L$2:$L$364,Datos!$J$2:$J$364,M9)/1000000 -> 2.1918033
A10: 2025-09 | B10: =SUMIFS(Datos!$L$2:$L$364,Datos!$E$2:$E$364,A10)/1000000 -> 146.78748 | C10: =SUMIFS(Datos!$K$2:$K$364,Datos!$E$2:$E$364,A10)/1000 -> 31.258291 | D10: =IFERROR(B10*1000/C10,0) -> 4695.9535 | F10: Cajamarca | G10: =SUMIFS(Datos!$L$2:$L$364,Datos!$H$2:$H$364,F10)/1000000 -> 15.752882 | H10: =G10/(SUM(Datos!$L$2:$L$364)/1000000) -> 0.003418643
A11: 2025-10 | B11: =SUMIFS(Datos!$L$2:$L$364,Datos!$E$2:$E$364,A11)/1000000 -> 164.73076 | C11: =SUMIFS(Datos!$K$2:$K$364,Datos!$E$2:$E$364,A11)/1000 -> 50.528871 | D11: =IFERROR(B11*1000/C11,0) -> 3260.1314 | F11: Piura | G11: =SUMIFS(Datos!$L$2:$L$364,Datos!$H$2:$H$364,F11)/1000000 -> 13.588324 | H11: =G11/(SUM(Datos!$L$2:$L$364)/1000000) -> 0.0029488972
A12: 2025-11 | B12: =SUMIFS(Datos!$L$2:$L$364,Datos!$E$2:$E$364,A12)/1000000 -> 256.98403 | C12: =SUMIFS(Datos!$K$2:$K$364,Datos!$E$2:$E$364,A12)/1000 -> 70.373688 | D12: =IFERROR(B12*1000/C12,0) -> 3651.7062
A13: 2025-12 | B13: =SUMIFS(Datos!$L$2:$L$364,Datos!$E$2:$E$364,A13)/1000000 -> 422.27879 | C13: =SUMIFS(Datos!$K$2:$K$364,Datos!$E$2:$E$364,A13)/1000 -> 110.34199 | D13: =IFERROR(B13*1000/C13,0) -> 3826.9999
A14: 2026-01 | B14: =SUMIFS(Datos!$L$2:$L$364,Datos!$E$2:$E$364,A14)/1000000 -> 107.22141 | C14: =SUMIFS(Datos!$K$2:$K$364,Datos!$E$2:$E$364,A14)/1000 -> 20.825 | D14: =IFERROR(B14*1000/C14,0) -> 5148.6871
A15: 2026-02 | B15: =SUMIFS(Datos!$L$2:$L$364,Datos!$E$2:$E$364,A15)/1000000 -> 214.83773 | C15: =SUMIFS(Datos!$K$2:$K$364,Datos!$E$2:$E$364,A15)/1000 -> 52.614404 | D15: =IFERROR(B15*1000/C15,0) -> 4083.2494
A16: 2026-03 | B16: =SUMIFS(Datos!$L$2:$L$364,Datos!$E$2:$E$364,A16)/1000000 -> 126.82198 | C16: =SUMIFS(Datos!$K$2:$K$364,Datos!$E$2:$E$364,A16)/1000 -> 34.395914 | D16: =IFERROR(B16*1000/C16,0) -> 3687.1235
A17: 2026-04 | B17: =SUMIFS(Datos!$L$2:$L$364,Datos!$E$2:$E$364,A17)/1000000 -> 249.54775 | C17: =SUMIFS(Datos!$K$2:$K$364,Datos!$E$2:$E$364,A17)/1000 -> 60.321111 | D17: =IFERROR(B17*1000/C17,0) -> 4136.9887
A18: 2026-05 | B18: =SUMIFS(Datos!$L$2:$L$364,Datos!$E$2:$E$364,A18)/1000000 -> 190.87589 | C18: =SUMIFS(Datos!$K$2:$K$364,Datos!$E$2:$E$364,A18)/1000 -> 50.529033 | D18: =IFERROR(B18*1000/C18,0) -> 3777.5489
A19: 2026-06 | B19: =SUMIFS(Datos!$L$2:$L$364,Datos!$E$2:$E$364,A19)/1000000 -> 293.74725 | C19: =SUMIFS(Datos!$K$2:$K$364,Datos!$E$2:$E$364,A19)/1000 -> 72.035804 | D19: =IFERROR(B19*1000/C19,0) -> 4077.7951
A20: 2026-07 | B20: =SUMIFS(Datos!$L$2:$L$364,Datos!$E$2:$E$364,A20)/1000000 -> 416.00776 | C20: =SUMIFS(Datos!$K$2:$K$364,Datos!$E$2:$E$364,A20)/1000 -> 89.610706 | D20: =IFERROR(B20*1000/C20,0) -> 4642.3891
A21: 2026-08 | B21: =SUMIFS(Datos!$L$2:$L$364,Datos!$E$2:$E$364,A21)/1000000 -> 217.9403 | C21: =SUMIFS(Datos!$K$2:$K$364,Datos!$E$2:$E$364,A21)/1000 -> 64.754801 | D21: =IFERROR(B21*1000/C21,0) -> 3365.6237
A22: 2026-09 | B22: =SUMIFS(Datos!$L$2:$L$364,Datos!$E$2:$E$364,A22)/1000000 -> 330.20656 | C22: =SUMIFS(Datos!$K$2:$K$364,Datos!$E$2:$E$364,A22)/1000 -> 82.393751 | D22: =IFERROR(B22*1000/C22,0) -> 4007.6651
A23: 2026-10 | B23: =SUMIFS(Datos!$L$2:$L$364,Datos!$E$2:$E$364,A23)/1000000 -> 177.44835 | C23: =SUMIFS(Datos!$K$2:$K$364,Datos!$E$2:$E$364,A23)/1000 -> 65.077769 | D23: =IFERROR(B23*1000/C23,0) -> 2726.7123

Sheet Datos
A1: ID_Declaracion | B1: Serie | C1: Fecha | D1: Año | E1: AñoMes | F1: Cod_Aduana | G1: Aduana | H1: Departamento | I1: Tipo_Producto | J1: RUC_Usuario | K1: Peso_Neto_TM | L1: FOB_USD | M1: Cod_Ubigeo | N1: Descripcion | O1: Anulada | P1: FOB_Atipico
A2: 61226883 | B2: 1 | C2: 45659 | D2: 2025 | E2: 2025-01 | F2: 118 | G2: Marítima del Callao | H2: Arequipa | I2: Mineral de oro | J2: 20101368221 | K2: 977.683 | L2: 253573.33 | M2: 40101 | N2: MINERAL_DE_AU EN BIG BAGS ELEMENTO: AU6.0G/TM | O2: No | P2: No
A3: 61712891 | B3: 1 | C3: 45667 | D3: 2025 | E3: 2025-01 | F3: 118 | G3: Marítima del Callao | H3: Lima | I3: Concentrado de oro | J3: 20100407362 | K3: 11044.973 | L3: 26880822 | M3: 151002 | N3: CONCENTRADO DE ORO ELEMENTOS PAGABLES: CU, AG, AU ELEMENTOS PENALIZABLES: AS | O3: No | P3: No
A4: 61931851 | B4: 1 | C4: 45671 | D4: 2025 | E4: 2025-01 | F4: 118 | G4: Marítima del Callao | H4: Lima | I4: Concentrado de oro | J4: 20101368221 | K4: 220.82 | L4: 302311.53 | M4: 150202 | N4: CONCENT_DE_AU; CONTRATO P.24.RMR.752 PAGABLES;AU,AG PENALIZABLES;NO_APLICA; B/Q 118-2025-000127: MINERAL CONCENTRADO DE ORO, HUMEDAD= 7.85670%(INF. AHK NO. AHKS-2025-105); AU=15.24 G/TM (FA-GRAV), | O4: No | P4: No
A5: 61928560 | B5: 1 | C5: 45671 | D5: 2025 | E5: 2025-01 | F5: 118 | G5: Marítima del Callao | H5: Lima | I5: Concentrado de oro | J5: 20101368221 | K5: 494.661 | L5: 319387.77 | M5: 150202 | N5: CONCENT_DE_AU; CONTRATO P.24.RMR.752 PAGABLES;AU,AG PENALIZABLES;NO_APLICA | O5: No | P5: No
A6: 61906466 | B6: 1 | C6: 45670 | D6: 2025 | E6: 2025-01 | F6: 118 | G6: Marítima del Callao | H6: Lima | I6: Concentrado de oro | J6: 20101368221 | K6: 454.753 | L6: 168194.94 | M6: 150202 | N6: CONCENT_DE_AU PIRITA,CONT; P.24.RMR.661 PAGABLES;AU,AG PENALIZABLES;NO_APLICA | O6: No | P6: No
A7: 62407309 | B7: 1 | C7: 45678 | D7: 2025 | E7: 2025-01 | F7: 118 | G7: Marítima del Callao | H7: Pasco | I7: Concentrado de oro | J7: 20504041027 | K7: 10931.792 | L7: 34569038 | M7: 190104 | N7: CONCENTRADO DE ORO A GRANEL | O7: No | P7: No
A8: 61989052 | B8: 1 | C8: 45672 | D8: 2025 | E8: 2025-01 | F8: 118 | G8: Marítima del Callao | H8: Lima | I8: Concentrado de oro | J8: 20101368221 | K8: 41.152 | L8: 96261.11 | M8: 150202 | N8: CONCENT_DE_AU; CONTRATO P.24.RMR.752 PAGABLES;AU,AG PENALIZABLES;NO_APLICA | O8: No | P8: No
A9: 62100393 | B9: 1 | C9: 45673 | D9: 2025 | E9: 2025-01 | F9: 118 | G9: Marítima del Callao | H9: Ayacucho | I9: Concentrado de oro | J9: 20504041027 | K9: 10983.971 | L9: 31609429 | M9: 50612 | N9: CONCENTRADO DE ORO A GRANEL | O9: No | P9: No
A10: 62101023 | B10: 1 | C10: 45673 | D10: 2025 | E10: 2025-01 | F10: 118 | G10: Marítima del Callao | H10: La Libertad | I10: Concentrado de oro | J10: 20101368221 | K10: 318.25 | L10: 921337.81 | M10: 131104 | N10: CONCENTRADO_DE_AU;CONTRATO:LMGF24-001-AUCU PAGABLE;AU,AG,CU PENALIZABLES;NO_APLICA | O10: No | P10: No
A11: 62482370 | B11: 1 | C11: 45679 | D11: 2025 | E11: 2025-01 | F11: 118 | G11: Marítima del Callao | H11: Junín | I11: Concentrado de oro | J11: 20504041027 | K11: 10880.514 | L11: 32359015 | M11: 120805 | N11: CONCENTRADO DE ORO A GRANEL | O11: No | P11: No
A12: 62645786 | B12: 1 | C12: 45681 | D12: 2025 | E12: 2025-01 | F12: 118 | G12: Marítima del Callao | H12: Lima | I12: Concentrado de oro | J12: 20101368221 | K12: 1062.588 | L12: 401360.74 | M12: 150202 | N12: CONCENT_DE_AU PIRITA,CONT; P.24.RMR.661 PAGABLES;AU,AG PENALIZABLES;NO_APLICA AS5.78%,PB2.24%,ZN3.03%,AG75G/TM,AU8.4G/TM | O12: No | P12: No
A13: 62555330 | B13: 1 | C13: 45680 | D13: 2025 | E13: 2025-01 | F13: 118 | G13: Marítima del Callao | H13: Arequipa | I13: Mineral de oro | J13: 20101368221 | K13: 960.589 | L13: 261108.8 | M13: 40101 | N13: MINERAL_DE_AU EN BIG BAGS ELEMENTO: AU | O13: No | P13: No
... A364: 129436576 | B364: 1 | C364: 46276 | D364: 2026 | E364: 2026-09 | F364: 118 | G364: Marítima del Callao | H364: Pasco | I364: Concentrado de oro | J364: 20100255325 | K364: 11700 | L364: 48375677 | M364: 190111 | N364: CONCENTRADO DE ORO, CONTRATO: BAUC1269 / AU-PE-26-13 PAGABLES:CU,AG,AU, PENALIZABLES:AS,SB,BI,PB,ZN,HG AU21.9G/TM,AG156G/TM,CU10.10%,AS3.35%,SB0.30%,BI500PPM,PB0.50%,ZN1.80%,HG50PPM | O364: No | P364: No
